{"accuracy": 0.956140350877193, "precision": 0.9583333333333334, "recall": 0.971830985915493, "f1": 0.965034965034965, "roc_auc": 0.995250573206682}